{"cameraMode":{"drawMode":0,"name":"Shaded","section":"Shading Mode"},"sceneLighting":false,"audioPlay":false,"sceneViewState":{"m_AlwaysRefresh":false,"showFog":true,"showSkybox":false,"showFlares":true,"showImageEffects":true,"showParticleSystems":true,"showVisualEffectGraphs":true,"m_FxEnabled":true},"in2DMode":false,"pivot":{"x":6.173311233520508,"y":2.209874153137207,"z":0.6945430040359497},"rotation":{"x":0.051855869591236117,"y":-0.6499384045600891,"z":0.04451983794569969,"w":0.7569175958633423},"size":1.2247449159622193,"orthographic":false}