{"cameraMode":{"drawMode":0,"name":"Shaded","section":"Shading Mode"},"sceneLighting":true,"audioPlay":false,"sceneViewState":{"m_AlwaysRefresh":false,"showFog":true,"showSkybox":false,"showFlares":true,"showImageEffects":true,"showParticleSystems":true,"showVisualEffectGraphs":true,"m_FxEnabled":true},"in2DMode":false,"pivot":{"x":33.929115295410159,"y":2.0846292972564699,"z":2.435950517654419},"rotation":{"x":0.15545029938220979,"y":0.6734415888786316,"z":-0.14798645675182343,"w":0.707400381565094},"size":2.2703490257263185,"orthographic":false}