{"cameraMode":{"drawMode":0,"name":"Shaded","section":"Shading Mode"},"sceneLighting":false,"audioPlay":false,"sceneViewState":{"m_AlwaysRefresh":false,"showFog":true,"showSkybox":false,"showFlares":true,"showImageEffects":true,"showParticleSystems":true,"showVisualEffectGraphs":true,"m_FxEnabled":true},"in2DMode":false,"pivot":{"x":0.27677181363105776,"y":0.6820420026779175,"z":3.3360111713409426},"rotation":{"x":0.002355820033699274,"y":0.9944782853126526,"z":-0.10569969564676285,"w":0.017619220539927484},"size":1.481978416442871,"orthographic":false}