{"cameraMode":{"drawMode":0,"name":"Shaded","section":"Shading Mode"},"sceneLighting":false,"audioPlay":false,"sceneViewState":{"m_AlwaysRefresh":false,"showFog":true,"showSkybox":false,"showFlares":true,"showImageEffects":true,"showParticleSystems":true,"showVisualEffectGraphs":true,"m_FxEnabled":true},"in2DMode":false,"pivot":{"x":30.747159957885743,"y":1.5294103622436524,"z":-1.5211683511734009},"rotation":{"x":0.022281575947999955,"y":-0.9777217507362366,"z":0.148672953248024,"w":0.14656637609004975},"size":1.389244556427002,"orthographic":false}