{"cameraMode":{"drawMode":0,"name":"Shaded","section":"Shading Mode"},"sceneLighting":false,"audioPlay":false,"sceneViewState":{"m_AlwaysRefresh":false,"showFog":true,"showSkybox":false,"showFlares":true,"showImageEffects":true,"showParticleSystems":true,"showVisualEffectGraphs":true,"m_FxEnabled":true},"in2DMode":false,"pivot":{"x":32.512046813964847,"y":-33.73808288574219,"z":19.292943954467775},"rotation":{"x":0.6156179904937744,"y":-0.03613245487213135,"z":0.02837246097624302,"w":0.7868734002113342},"size":30.907150268554689,"orthographic":false}