{"cameraMode":{"drawMode":0,"name":"Shaded","section":"Shading Mode"},"sceneLighting":false,"audioPlay":false,"sceneViewState":{"m_AlwaysRefresh":false,"showFog":true,"showSkybox":false,"showFlares":true,"showImageEffects":true,"showParticleSystems":true,"showVisualEffectGraphs":true,"m_FxEnabled":true},"in2DMode":false,"pivot":{"x":32.85529327392578,"y":2.5190000534057619,"z":15.679718017578125},"rotation":{"x":-0.35211628675460818,"y":-0.047146547585725787,"z":0.017762675881385804,"w":-0.9345993995666504},"size":0.8660253882408142,"orthographic":false}