{"cameraMode":{"drawMode":0,"name":"Shaded","section":"Shading Mode"},"sceneLighting":false,"audioPlay":false,"sceneViewState":{"m_AlwaysRefresh":false,"showFog":true,"showSkybox":false,"showFlares":true,"showImageEffects":true,"showParticleSystems":true,"showVisualEffectGraphs":true,"m_FxEnabled":true},"in2DMode":false,"pivot":{"x":-15.158580780029297,"y":15.621393203735352,"z":30.963237762451173},"rotation":{"x":-0.1302957683801651,"y":-0.8247783780097961,"z":0.21195490658283235,"w":-0.5080350637435913},"size":0.11913794279098511,"orthographic":false}