{"cameraMode":{"drawMode":0,"name":"Shaded","section":"Shading Mode"},"sceneLighting":false,"audioPlay":false,"sceneViewState":{"m_AlwaysRefresh":false,"showFog":true,"showSkybox":false,"showFlares":true,"showImageEffects":true,"showParticleSystems":true,"showVisualEffectGraphs":true,"m_FxEnabled":true},"in2DMode":false,"pivot":{"x":2.901745080947876,"y":2.6150646209716799,"z":1.056297779083252},"rotation":{"x":0.09960555285215378,"y":-0.6000411510467529,"z":0.07563987374305725,"w":0.7901350259780884},"size":0.17320509254932404,"orthographic":false}