{"cameraMode":{"drawMode":0,"name":"Shaded","section":"Shading Mode"},"sceneLighting":false,"audioPlay":false,"sceneViewState":{"m_AlwaysRefresh":false,"showFog":true,"showSkybox":false,"showFlares":true,"showImageEffects":true,"showParticleSystems":true,"showVisualEffectGraphs":true,"m_FxEnabled":true},"in2DMode":false,"pivot":{"x":0.26230883598327639,"y":1.8960670232772828,"z":-0.032631680369377139},"rotation":{"x":-0.4282746911048889,"y":-0.5339826941490173,"z":0.3615853190422058,"w":-0.6332026720046997},"size":2.178652286529541,"orthographic":false}