{"cameraMode":{"drawMode":0,"name":"Shaded","section":"Shading Mode"},"sceneLighting":false,"audioPlay":false,"sceneViewState":{"m_AlwaysRefresh":false,"showFog":true,"showSkybox":false,"showFlares":true,"showImageEffects":true,"showParticleSystems":true,"showVisualEffectGraphs":true,"m_FxEnabled":true},"in2DMode":false,"pivot":{"x":31.622676849365236,"y":0.6736118197441101,"z":-1.813634991645813},"rotation":{"x":-0.0012328574666753412,"y":-0.9896079897880554,"z":0.14441746473312379,"w":-0.01045936532318592},"size":1.389243721961975,"orthographic":false}