{"cameraMode":{"drawMode":0,"name":"Shaded","section":"Shading Mode"},"sceneLighting":false,"audioPlay":false,"sceneViewState":{"m_AlwaysRefresh":false,"showFog":true,"showSkybox":false,"showFlares":true,"showImageEffects":true,"showParticleSystems":true,"showVisualEffectGraphs":true,"m_FxEnabled":true},"in2DMode":false,"pivot":{"x":33.36229705810547,"y":-14.885848045349121,"z":34.07331848144531},"rotation":{"x":-0.26532211899757388,"y":-0.04279433935880661,"z":0.011788752861320973,"w":-0.9631379246711731},"size":18.870866775512697,"orthographic":false}